2015-01-13,13:48:05,2509,2304,2509,2510,2195,2.7175e+006,2.25201e+006
2015-01-13,13:48:05,2509,2305,2509,2510,2195,2.7175e+006,2.25201e+006
2015-01-13,13:48:06,2509,2305,2509,2510,2196,2.7175e+006,2.25201e+006
2015-01-13,13:48:06,2509,2310,2509,2510,2197,2.7175e+006,2.25201e+006
2015-01-13,13:48:07,2509,2309,2510,2510,2194,2.7175e+006,2.25201e+006
2015-01-13,13:48:07,2509,2308,2510,2510,2203,2.7175e+006,2.25201e+006
2015-01-13,13:48:08,2509,2308,2510,2510,2203,2.7175e+006,2.25201e+006
2015-01-13,13:48:08,2509,2307,2509,2510,2203,2.7175e+006,2.25201e+006
2015-01-13,13:48:09,2509,2307,2510,2510,2153,2.71751e+006,2.25201e+006
2015-01-13,13:48:09,2509,2307,2510,2510,2153,2.71751e+006,2.25201e+006
2015-01-13,13:48:10,2509,2307,2510,2510,2153,2.71751e+006,2.25201e+006
2015-01-13,13:48:10,2509,2307,2510,2510,2153,2.71751e+006,2.25201e+006
2015-01-13,13:48:11,2509,2307,2509,2510,1653,2.71751e+006,2.25201e+006
2015-01-13,13:48:11,2509,2306,2510,2510,1650,2.71751e+006,2.25201e+006
2015-01-13,13:48:12,2509,2287,2509,2510,1650,2.71755e+006,2.25201e+006
2015-01-13,13:48:12,2509,2287,2509,2510,1591,2.71755e+006,2.25201e+006
2015-01-13,13:48:13,2509,2286,2510,2510,1585,2.71757e+006,2.25201e+006
2015-01-13,13:48:13,2509,2285,2509,2510,1585,2.71757e+006,2.25201e+006
2015-01-13,13:48:14,2509,2285,2509,2510,1589,2.71757e+006,2.25201e+006
2015-01-13,13:48:14,2509,2286,2509,2510,1589,2.71757e+006,2.25201e+006
2015-01-13,13:48:15,2509,2285,2510,2510,1588,2.71758e+006,2.25201e+006
2015-01-13,13:48:15,2509,2282,2509,2510,1588,2.71758e+006,2.25201e+006
2015-01-13,13:48:16,2509,2282,2510,2510,1588,2.71759e+006,2.25201e+006
2015-01-13,13:48:16,2509,2282,2510,2510,1587,2.71759e+006,2.25201e+006
2015-01-13,13:48:17,2509,2283,2510,2510,1580,2.7176e+006,2.25203e+006
2015-01-13,13:48:17,2509,2378,2509,2510,1580,2.71761e+006,2.25202e+006
2015-01-13,13:48:18,2509,2379,2509,2510,1580,2.71761e+006,2.25202e+006
2015-01-13,13:48:18,2509,2378,2510,2510,1579,2.71762e+006,2.25202e+006
2015-01-13,13:48:19,2509,1881,2509,2510,1586,2.71862e+006,2.25125e+006
2015-01-13,13:48:19,2509,1827,2509,2510,1581,2.71862e+006,2.25125e+006
2015-01-13,13:48:20,2509,1825,2509,2510,1580,2.71862e+006,2.25126e+006
2015-01-13,13:48:20,2509,1820,2509,2510,1580,2.71863e+006,2.25125e+006
2015-01-13,13:48:21,2509,1820,2509,2510,1581,2.71864e+006,2.25125e+006
2015-01-13,13:48:21,2509,1821,2509,2510,1582,2.71864e+006,2.25125e+006
2015-01-13,13:48:22,2509,1821,2509,2510,1601,2.71864e+006,2.25125e+006
2015-01-13,13:48:22,2509,1808,2510,2510,1601,2.71867e+006,2.25125e+006
2015-01-13,13:48:23,2509,1810,2510,2510,1600,2.71868e+006,2.25126e+006
2015-01-13,13:48:23,2509,1807,2509,2510,1600,2.71868e+006,2.25126e+006
2015-01-13,13:48:24,2509,1806,2509,2510,1601,2.71868e+006,2.25126e+006
2015-01-13,13:48:24,2509,1806,2509,2510,1601,2.71868e+006,2.25126e+006
2015-01-13,13:48:25,2509,1676,2509,2510,1611,2.71894e+006,2.25112e+006
2015-01-13,13:48:25,2509,1661,2510,2510,1610,2.71899e+006,2.25117e+006
2015-01-13,13:48:26,2509,1661,2510,2510,1612,2.71899e+006,2.25117e+006
2015-01-13,13:48:26,2509,1661,2510,2510,1614,2.71899e+006,2.25117e+006
2015-01-13,13:48:27,2509,1660,2509,2510,1600,2.71899e+006,2.25117e+006
2015-01-13,13:48:27,2509,1663,2509,2510,1601,2.71899e+006,2.25117e+006
2015-01-13,13:48:28,2509,1663,2509,2510,1602,2.71899e+006,2.25117e+006
2015-01-13,13:48:28,2509,1663,2509,2510,1607,2.71899e+006,2.25117e+006
2015-01-13,13:48:29,2509,1664,2509,2510,1608,2.71899e+006,2.25117e+006
2015-01-13,13:48:29,2509,1660,2509,2510,1609,2.719e+006,2.25117e+006
2015-01-13,13:48:30,2509,1653,2509,2510,1609,2.71902e+006,2.25119e+006
2015-01-13,13:48:30,2509,1645,2509,2510,1609,2.71905e+006,2.25119e+006
2015-01-13,13:48:31,2509,1645,2509,2510,1616,2.71905e+006,2.25119e+006
2015-01-13,13:48:31,2509,1645,2510,2510,1599,2.71905e+006,2.25119e+006
2015-01-13,13:48:32,2509,1645,2510,2510,1599,2.71905e+006,2.25119e+006
2015-01-13,13:48:32,2509,1645,2510,2510,1601,2.71905e+006,2.25119e+006
2015-01-13,13:48:33,2509,1645,2510,2510,1601,2.71905e+006,2.25119e+006
2015-01-13,13:48:33,2509,1645,2510,2510,1587,2.71905e+006,2.25119e+006
2015-01-13,13:48:34,2509,1647,2509,2510,1588,2.71905e+006,2.25119e+006
2015-01-13,13:48:34,2509,1647,2509,2510,1591,2.71905e+006,2.25119e+006
2015-01-13,13:48:35,2509,1646,2509,2510,1591,2.71906e+006,2.25119e+006
2015-01-13,13:48:35,2509,1646,2509,2510,1590,2.71906e+006,2.25119e+006
2015-01-13,13:48:36,2509,1656,2509,2510,1601,2.71906e+006,2.25119e+006
2015-01-13,13:48:36,2509,1656,2509,2510,1671,2.71906e+006,2.25119e+006
2015-01-13,13:48:37,2509,1651,2509,2510,1674,2.71907e+006,2.25119e+006
2015-01-13,13:48:37,2509,1656,2509,2510,1674,2.71907e+006,2.25119e+006
2015-01-13,13:48:38,2509,1656,2509,2510,1675,2.71907e+006,2.2512e+006
2015-01-13,13:48:38,2509,1655,2509,2510,1675,2.71907e+006,2.2512e+006
2015-01-13,13:48:39,2509,1661,2509,2510,1676,2.71907e+006,2.2512e+006
2015-01-13,13:48:39,2509,1661,2509,2510,1679,2.71907e+006,2.2512e+006
2015-01-13,13:48:40,2509,1662,2509,2510,1679,2.71907e+006,2.2512e+006
2015-01-13,13:48:40,2509,1659,2509,2510,1680,2.71908e+006,2.2512e+006
2015-01-13,13:48:41,2509,1659,2509,2510,1680,2.71908e+006,2.2512e+006
2015-01-13,13:48:41,2509,1619,2509,2510,1680,2.71916e+006,2.25128e+006
2015-01-13,13:48:42,2509,1619,2509,2510,1680,2.71916e+006,2.25128e+006
2015-01-13,13:48:42,2509,1618,2509,2510,1680,2.71916e+006,2.25127e+006
2015-01-13,13:48:43,2509,1614,2510,2510,1695,2.71917e+006,2.25128e+006
2015-01-13,13:48:43,2509,1612,2509,2510,1696,2.71917e+006,2.25128e+006
2015-01-13,13:48:44,2509,1606,2509,2510,1701,2.71918e+006,2.25129e+006
2015-01-13,13:48:44,2509,1606,2509,2510,1702,2.71918e+006,2.25129e+006
2015-01-13,13:48:45,2509,1505,2509,2510,1704,2.71939e+006,2.25146e+006
2015-01-13,13:48:45,2509,1499,2509,2510,1704,2.71939e+006,2.25145e+006
2015-01-13,13:48:46,2509,1050,2509,2510,1705,2.71998e+006,2.25151e+006
2015-01-13,13:48:46,2509,912,2509,2510,1794,2.72027e+006,2.25132e+006
2015-01-13,13:48:47,2509,409,2509,2510,1800,2.7212e+006,2.25114e+006
2015-01-13,13:48:47,2508,2607,2509,2509,1118,2.72202e+006,2.25117e+006
2015-01-13,13:48:48,2508,2363,2508,2509,1152,2.72203e+006,2.25118e+006
2015-01-13,13:48:48,2508,2360,2508,2509,1199,2.72203e+006,2.25118e+006
2015-01-13,13:48:49,2508,2348,2508,2509,1203,2.72206e+006,2.25119e+006
2015-01-13,13:48:49,2508,2348,2508,2509,1205,2.72206e+006,2.25119e+006
2015-01-13,13:48:50,2508,2348,2508,2509,1206,2.72206e+006,2.25119e+006
2015-01-13,13:48:50,2508,2343,2508,2509,1226,2.72207e+006,2.25119e+006
2015-01-13,13:48:51,2508,2343,2508,2509,1220,2.72207e+006,2.25119e+006
2015-01-13,13:48:51,2508,2343,2509,2509,1218,2.72207e+006,2.2512e+006
2015-01-13,13:48:52,2508,2342,2508,2509,1219,2.72207e+006,2.2512e+006
2015-01-13,13:48:52,2508,2341,2509,2509,1210,2.72209e+006,2.25121e+006
2015-01-13,13:48:53,2508,2341,2508,2509,1209,2.72209e+006,2.25121e+006
2015-01-13,13:48:53,2508,2333,2509,2509,1209,2.7221e+006,2.25121e+006
2015-01-13,13:48:54,2508,2334,2509,2509,1210,2.7221e+006,2.25121e+006
2015-01-13,13:48:54,2508,2324,2509,2509,1209,2.7221e+006,2.25121e+006
2015-01-13,13:48:55,2508,2323,2508,2509,1226,2.7221e+006,2.25121e+006
2015-01-13,13:48:55,2508,2316,2508,2509,1221,2.72212e+006,2.25121e+006
2015-01-13,13:48:56,2508,2296,2508,2509,1224,2.72216e+006,2.25125e+006
2015-01-13,13:48:56,2508,2295,2508,2509,1225,2.72216e+006,2.25125e+006
2015-01-13,13:48:57,2508,2274,2508,2509,1225,2.72222e+006,2.2513e+006
2015-01-13,13:48:57,2508,2274,2508,2509,1233,2.72222e+006,2.2513e+006
2015-01-13,13:48:58,2508,2275,2509,2509,1233,2.72222e+006,2.2513e+006
2015-01-13,13:48:58,2508,2268,2509,2509,1208,2.72228e+006,2.25131e+006
2015-01-13,13:48:59,2508,2328,2509,2509,1272,2.72229e+006,2.25132e+006
2015-01-13,13:48:59,2508,2335,2508,2509,1274,2.7223e+006,2.25133e+006
2015-01-13,13:49:00,2508,2336,2508,2509,1285,2.72231e+006,2.25133e+006
2015-01-13,13:49:00,2508,2352,2508,2509,1284,2.72231e+006,2.25134e+006
2015-01-13,13:49:01,2508,2357,2508,2509,1285,2.72232e+006,2.25134e+006
2015-01-13,13:49:01,2508,2357,2508,2509,1285,2.72232e+006,2.25134e+006
2015-01-13,13:49:02,2508,2357,2508,2509,1293,2.72232e+006,2.25134e+006
2015-01-13,13:49:02,2508,2357,2508,2509,1297,2.72232e+006,2.25134e+006
2015-01-13,13:49:03,2508,2352,2509,2509,1293,2.72234e+006,2.25135e+006
2015-01-13,13:49:03,2508,2350,2509,2509,1292,2.72235e+006,2.25135e+006
2015-01-13,13:49:04,2508,2345,2508,2509,1287,2.72237e+006,2.25136e+006
2015-01-13,13:49:04,2508,2345,2509,2509,1275,2.7224e+006,2.25136e+006
2015-01-13,13:49:05,2508,2325,2509,2509,1246,2.72246e+006,2.25139e+006
2015-01-13,13:49:05,2508,2325,2509,2509,1249,2.72246e+006,2.2514e+006
2015-01-13,13:49:06,2508,2331,2509,2509,1249,2.72246e+006,2.2514e+006
2015-01-13,13:49:06,2508,2331,2509,2509,1198,2.72246e+006,2.2514e+006
2015-01-13,13:49:07,2508,2281,2508,2509,1204,2.72256e+006,2.2514e+006
2015-01-13,13:49:07,2508,2283,2508,2509,1277,2.72256e+006,2.2514e+006
2015-01-13,13:49:08,2508,2283,2509,2509,1270,2.72258e+006,2.2514e+006
2015-01-13,13:49:08,2508,2282,2508,2509,1269,2.72258e+006,2.2514e+006
2015-01-13,13:49:09,2508,2282,2508,2509,1275,2.72258e+006,2.2514e+006
2015-01-13,13:49:09,2508,2282,2509,2509,1300,2.7226e+006,2.25141e+006
2015-01-13,13:49:10,2508,2280,2508,2509,1305,2.7226e+006,2.25141e+006
2015-01-13,13:49:10,2508,2282,2509,2509,1305,2.7226e+006,2.25141e+006
2015-01-13,13:49:11,2508,2282,2509,2509,1305,2.7226e+006,2.25141e+006
2015-01-13,13:49:11,2508,2281,2509,2509,1304,2.72261e+006,2.25141e+006
2015-01-13,13:49:12,2508,2280,2509,2509,1276,2.72265e+006,2.25141e+006
2015-01-13,13:49:12,2508,2280,2509,2509,1272,2.72267e+006,2.25142e+006
2015-01-13,13:49:13,2508,2282,2509,2509,1276,2.72267e+006,2.25142e+006
2015-01-13,13:49:13,2508,2284,2509,2509,1252,2.72273e+006,2.25143e+006
2015-01-13,13:49:14,2508,2282,2508,2509,1227,2.7228e+006,2.25145e+006
2015-01-13,13:49:14,2508,2282,2508,2509,1235,2.7228e+006,2.25145e+006
2015-01-13,13:49:15,2508,2382,2509,2509,1235,2.72282e+006,2.25146e+006
2015-01-13,13:49:15,2508,2383,2509,2509,1233,2.72283e+006,2.25146e+006
2015-01-13,13:49:16,2508,2382,2508,2509,1232,2.72283e+006,2.25146e+006
2015-01-13,13:49:16,2508,2380,2508,2509,1231,2.72284e+006,2.25147e+006
2015-01-13,13:49:17,2508,2381,2508,2509,1232,2.72284e+006,2.25147e+006
2015-01-13,13:49:17,2508,2381,2509,2509,1135,2.72284e+006,2.25147e+006
2015-01-13,13:49:18,2508,2381,2509,2509,1140,2.72284e+006,2.25147e+006
2015-01-13,13:49:18,2508,2456,2509,2509,1139,2.72293e+006,2.25148e+006
2015-01-13,13:49:19,2508,2447,2508,2509,1111,2.72301e+006,2.25148e+006
2015-01-13,13:49:19,2508,2448,2509,2509,1097,2.72304e+006,2.25148e+006
2015-01-13,13:49:20,2508,2431,2508,2509,1095,2.72308e+006,2.25151e+006
2015-01-13,13:49:20,2508,2430,2509,2509,1085,2.72311e+006,2.25152e+006
2015-01-13,13:49:21,2508,2425,2508,2509,1188,2.72312e+006,2.25152e+006
2015-01-13,13:49:21,2508,2424,2509,2509,1189,2.72313e+006,2.25152e+006
2015-01-13,13:49:22,2508,2324,2509,2509,1189,2.72313e+006,2.25152e+006
2015-01-13,13:49:22,2508,2325,2509,2509,1188,2.72313e+006,2.25153e+006
2015-01-13,13:49:23,2508,2322,2508,2509,1190,2.72314e+006,2.25153e+006
2015-01-13,13:49:23,2508,2321,2509,2509,1192,2.72314e+006,2.25153e+006
2015-01-13,13:49:24,2508,2321,2509,2509,1192,2.72314e+006,2.25153e+006
2015-01-13,13:49:24,2508,2309,2508,2509,1193,2.72317e+006,2.25154e+006
2015-01-13,13:49:25,2508,2409,2508,2509,1199,2.72317e+006,2.25154e+006
2015-01-13,13:49:25,2508,2409,2508,2509,1199,2.72317e+006,2.25154e+006
2015-01-13,13:49:26,2508,2404,2508,2509,1211,2.72317e+006,2.25154e+006
2015-01-13,13:49:26,2508,2403,2509,2509,1111,2.72337e+006,2.25164e+006
2015-01-13,13:49:27,2508,2402,2508,2509,1111,2.72337e+006,2.25164e+006
2015-01-13,13:49:27,2508,2401,2508,2509,1111,2.72337e+006,2.25164e+006
2015-01-13,13:49:28,2508,2401,2509,2509,1071,2.72345e+006,2.25164e+006
2015-01-13,13:49:28,2508,2402,2509,2509,1056,2.72348e+006,2.25164e+006
2015-01-13,13:49:29,2508,2402,2509,2509,1056,2.72348e+006,2.25164e+006
2015-01-13,13:49:29,2508,2401,2508,2509,1063,2.72349e+006,2.25164e+006
2015-01-13,13:49:30,2508,2422,2508,2509,1063,2.72349e+006,2.25164e+006
2015-01-13,13:49:30,2508,2422,2509,2509,1071,2.72349e+006,2.25164e+006
2015-01-13,13:49:31,2508,2423,2509,2509,1071,2.72349e+006,2.25164e+006
2015-01-13,13:49:31,2508,2424,2509,2509,1075,2.72349e+006,2.25164e+006
2015-01-13,13:49:32,2508,2422,2508,2509,1077,2.72349e+006,2.25164e+006
2015-01-13,13:49:32,2508,2422,2508,2509,1078,2.72349e+006,2.25164e+006
2015-01-13,13:49:33,2508,2422,2508,2509,1081,2.7235e+006,2.25164e+006
2015-01-13,13:49:33,2508,2422,2509,2509,1080,2.7235e+006,2.25164e+006
2015-01-13,13:49:34,2508,2423,2509,2509,1081,2.7235e+006,2.25164e+006
2015-01-13,13:49:34,2508,2419,2508,2509,1082,2.7235e+006,2.25165e+006
2015-01-13,13:49:35,2508,2419,2509,2509,1073,2.72352e+006,2.25166e+006
2015-01-13,13:49:35,2508,2419,2509,2509,1073,2.72352e+006,2.25166e+006
2015-01-13,13:49:36,2508,2419,2509,2509,1073,2.72352e+006,2.25166e+006
2015-01-13,13:49:36,2508,2398,2509,2509,1072,2.72352e+006,2.25166e+006
2015-01-13,13:49:37,2508,2397,2509,2509,1076,2.72353e+006,2.25166e+006
2015-01-13,13:49:37,2508,2397,2509,2509,1079,2.72353e+006,2.25166e+006
2015-01-13,13:49:38,2508,2388,2508,2509,1079,2.72355e+006,2.25166e+006
2015-01-13,13:49:38,2508,2387,2508,2509,1078,2.72356e+006,2.25166e+006
2015-01-13,13:49:39,2508,2387,2509,2509,1073,2.72356e+006,2.25166e+006
2015-01-13,13:49:39,2508,2549,2509,2509,1083,2.72356e+006,2.25166e+006
2015-01-13,13:49:40,2508,2549,2509,2509,1064,2.7236e+006,2.25166e+006
2015-01-13,13:49:40,2508,2547,2509,2509,1069,2.7236e+006,2.25166e+006
2015-01-13,13:49:41,2508,2548,2509,2509,1070,2.7236e+006,2.25166e+006
2015-01-13,13:49:41,2508,2550,2509,2509,1068,2.72364e+006,2.2517e+006
2015-01-13,13:49:42,2508,2550,2509,2509,1068,2.72364e+006,2.2517e+006
2015-01-13,13:49:42,2508,2550,2509,2509,1061,2.72364e+006,2.2517e+006
2015-01-13,13:49:43,2508,2550,2509,2509,1061,2.72364e+006,2.2517e+006
2015-01-13,13:49:43,2508,2552,2509,2509,1061,2.72364e+006,2.2517e+006
2015-01-13,13:49:44,2508,2552,2509,2509,1103,2.72364e+006,2.2517e+006
2015-01-13,13:49:44,2508,2573,2509,2509,1101,2.72364e+006,2.2517e+006
2015-01-13,13:49:45,2508,2573,2509,2509,1101,2.72364e+006,2.2517e+006
2015-01-13,13:49:45,2508,2566,2508,2509,1101,2.72366e+006,2.2517e+006
2015-01-13,13:49:46,2508,2566,2508,2509,1112,2.72366e+006,2.2517e+006
2015-01-13,13:49:46,2508,2561,2508,2509,1144,2.72367e+006,2.2517e+006
2015-01-13,13:49:47,2508,2561,2508,2509,1145,2.72367e+006,2.2517e+006
2015-01-13,13:49:47,2508,2561,2508,2509,1201,2.72367e+006,2.2517e+006
2015-01-13,13:49:48,2508,2560,2508,2509,1202,2.72367e+006,2.2517e+006
2015-01-13,13:49:48,2508,2539,2508,2509,1202,2.72367e+006,2.2517e+006
2015-01-13,13:49:49,2508,2537,2508,2509,1207,2.72367e+006,2.2517e+006
2015-01-13,13:49:49,2508,2538,2508,2509,1218,2.72367e+006,2.2517e+006
2015-01-13,13:49:50,2508,2538,2509,2509,1218,2.72368e+006,2.2517e+006
2015-01-13,13:49:50,2508,2538,2509,2509,1220,2.72368e+006,2.2517e+006
2015-01-13,13:49:51,2508,2536,2508,2509,1221,2.72368e+006,2.2517e+006
2015-01-13,13:49:51,2508,2536,2509,2509,1218,2.72369e+006,2.25171e+006
2015-01-13,13:49:52,2508,2536,2509,2509,1220,2.72369e+006,2.25171e+006
2015-01-13,13:49:52,2508,2536,2509,2509,1221,2.72369e+006,2.25171e+006
2015-01-13,13:49:53,2508,2541,2509,2509,1225,2.72369e+006,2.25171e+006
2015-01-13,13:49:53,2508,2540,2508,2509,1227,2.72369e+006,2.25171e+006
2015-01-13,13:49:54,2508,2531,2508,2509,1227,2.7237e+006,2.25171e+006
2015-01-13,13:49:54,2508,2496,2508,2509,1227,2.72376e+006,2.25177e+006
2015-01-13,13:49:55,2508,2643,2508,2509,1228,2.72376e+006,2.25177e+006
2015-01-13,13:49:55,2508,2645,2508,2509,1229,2.72376e+006,2.25177e+006
2015-01-13,13:49:56,2508,2646,2508,2509,1229,2.72376e+006,2.25177e+006
2015-01-13,13:49:56,2508,2646,2509,2509,1219,2.72377e+006,2.25177e+006
2015-01-13,13:49:57,2508,2645,2508,2509,1229,2.72378e+006,2.25177e+006
2015-01-13,13:49:57,2508,2645,2508,2509,1264,2.72378e+006,2.25177e+006
2015-01-13,13:49:58,2508,2644,2508,2509,1265,2.72378e+006,2.25177e+006
2015-01-13,13:49:58,2508,2643,2508,2509,1265,2.72378e+006,2.25177e+006
2015-01-13,13:49:59,2508,2643,2508,2509,1250,2.72381e+006,2.25177e+006
2015-01-13,13:49:59,2508,2619,2509,2509,1241,2.72387e+006,2.25178e+006
2015-01-13,13:50:00,2508,2619,2509,2509,1251,2.72387e+006,2.25178e+006
2015-01-13,13:50:00,2508,2569,2508,2509,1216,2.72405e+006,2.25176e+006
2015-01-13,13:50:01,2508,2569,2508,2509,1216,2.72405e+006,2.25175e+006
2015-01-13,13:50:01,2508,2568,2509,2509,1143,2.72406e+006,2.25175e+006
2015-01-13,13:50:02,2508,2567,2508,2509,1142,2.72406e+006,2.25175e+006
2015-01-13,13:50:02,2508,2573,2509,2509,1138,2.72407e+006,2.25176e+006
2015-01-13,13:50:03,2508,2573,2509,2509,1140,2.72407e+006,2.25176e+006
2015-01-13,13:50:03,2508,2573,2509,2509,1140,2.72407e+006,2.25176e+006
2015-01-13,13:50:04,2508,2570,2508,2509,1139,2.72408e+006,2.25175e+006
2015-01-13,13:50:04,2508,2568,2508,2509,1138,2.72409e+006,2.25175e+006
2015-01-13,13:50:05,2508,2568,2508,2509,1141,2.72409e+006,2.25175e+006
2015-01-13,13:50:05,2508,2568,2509,2509,1115,2.72414e+006,2.25175e+006
2015-01-13,13:50:06,2508,2568,2509,2509,1092,2.72419e+006,2.25179e+006
2015-01-13,13:50:06,2508,2563,2509,2509,811,2.72478e+006,2.2512e+006
2015-01-13,13:50:07,2508,2543,2509,2509,770,2.72485e+006,2.25114e+006
2015-01-13,13:50:07,2508,2540,2509,2509,267,2.72585e+006,2.25081e+006
2015-01-13,13:50:08,2509,789,2509,2510,1843,2.72639e+006,2.25047e+006
2015-01-13,13:50:08,2509,1296,2509,2510,1643,2.7264e+006,2.25047e+006
2015-01-13,13:50:09,2509,1110,2509,2510,1644,2.7264e+006,2.25047e+006
2015-01-13,13:50:09,2509,1115,2509,2510,1644,2.72641e+006,2.25046e+006
2015-01-13,13:50:10,2509,1107,2509,2510,1643,2.72642e+006,2.25045e+006
2015-01-13,13:50:10,2509,1107,2509,2510,1643,2.72642e+006,2.25045e+006
2015-01-13,13:50:11,2509,1106,2509,2510,1643,2.72643e+006,2.25045e+006
2015-01-13,13:50:11,2509,1104,2509,2510,1643,2.72643e+006,2.25045e+006
2015-01-13,13:50:12,2509,1102,2509,2510,1643,2.72643e+006,2.25044e+006
2015-01-13,13:50:12,2509,1122,2509,2510,1643,2.72644e+006,2.25044e+006
2015-01-13,13:50:13,2509,1122,2509,2510,1642,2.72644e+006,2.25044e+006
2015-01-13,13:50:13,2509,1122,2509,2510,1657,2.72644e+006,2.25044e+006
2015-01-13,13:50:14,2509,1122,2509,2510,1658,2.72644e+006,2.25044e+006
2015-01-13,13:50:14,2509,1123,2509,2510,1632,2.72649e+006,2.25049e+006
2015-01-13,13:50:15,2509,1122,2509,2510,1632,2.72649e+006,2.25049e+006
2015-01-13,13:50:15,2509,1122,2509,2510,1632,2.72649e+006,2.25049e+006
2015-01-13,13:50:16,2509,1111,2509,2510,1632,2.7265e+006,2.25049e+006
2015-01-13,13:50:16,2509,1113,2509,2510,1626,2.7265e+006,2.25049e+006
2015-01-13,13:50:17,2509,1111,2510,2510,1612,2.72655e+006,2.25049e+006
2015-01-13,13:50:17,2509,1121,2509,2510,1704,2.7266e+006,2.25053e+006
2015-01-13,13:50:18,2509,1119,2509,2510,1711,2.72661e+006,2.25053e+006
2015-01-13,13:50:18,2509,1102,2509,2510,1710,2.72664e+006,2.25049e+006
2015-01-13,13:50:19,2509,1101,2509,2510,1710,2.72665e+006,2.25049e+006
2015-01-13,13:50:19,2509,1102,2509,2510,1710,2.72665e+006,2.25049e+006
2015-01-13,13:50:20,2509,1107,2509,2510,1710,2.72665e+006,2.25049e+006
2015-01-13,13:50:20,2509,1107,2509,2510,1711,2.72665e+006,2.25049e+006
2015-01-13,13:50:21,2509,1118,2510,2510,1710,2.72665e+006,2.25049e+006
2015-01-13,13:50:21,2509,1118,2510,2510,1709,2.72666e+006,2.25049e+006
2015-01-13,13:50:22,2509,1118,2510,2510,1712,2.72686e+006,2.25049e+006
2015-01-13,13:50:22,2509,1126,2509,2510,1714,2.72686e+006,2.25049e+006
2015-01-13,13:50:23,2509,1128,2509,2510,1717,2.72686e+006,2.25049e+006
2015-01-13,13:50:23,2509,1129,2509,2510,1717,2.72686e+006,2.25049e+006
2015-01-13,13:50:24,2509,1131,2509,2510,1717,2.72686e+006,2.25049e+006
2015-01-13,13:50:24,2509,1119,2509,2510,1719,2.72688e+006,2.25047e+006
2015-01-13,13:50:25,2509,1118,2509,2510,1719,2.72689e+006,2.25046e+006
2015-01-13,13:50:25,2509,1111,2509,2510,1709,2.7269e+006,2.25045e+006
2015-01-13,13:50:26,2509,1111,2509,2510,1710,2.7269e+006,2.25045e+006
2015-01-13,13:50:26,2509,1096,2509,2510,1711,2.72694e+006,2.25045e+006
2015-01-13,13:50:27,2509,1100,2509,2510,1711,2.72694e+006,2.25045e+006
2015-01-13,13:50:27,2509,1100,2510,2510,1706,2.72694e+006,2.25045e+006
2015-01-13,13:50:28,2509,1100,2510,2510,1706,2.72694e+006,2.25045e+006
2015-01-13,13:50:28,2509,1066,2510,2510,1700,2.72702e+006,2.25046e+006
2015-01-13,13:50:29,2509,1077,2509,2510,1684,2.72702e+006,2.25046e+006
2015-01-13,13:50:29,2509,1070,2509,2510,1684,2.72703e+006,2.25045e+006
2015-01-13,13:50:30,2509,1073,2509,2510,1682,2.72703e+006,2.25045e+006
2015-01-13,13:50:30,2509,1073,2509,2510,1682,2.72703e+006,2.25045e+006
2015-01-13,13:50:31,2509,1073,2509,2510,1682,2.72703e+006,2.25045e+006
2015-01-13,13:50:31,2509,1069,2509,2510,1687,2.72704e+006,2.25044e+006
2015-01-13,13:50:32,2509,1069,2509,2510,1687,2.72704e+006,2.25044e+006
2015-01-13,13:50:32,2509,1068,2510,2510,1686,2.72704e+006,2.25044e+006
2015-01-13,13:50:33,2509,1068,2510,2510,1685,2.72705e+006,2.25044e+006
2015-01-13,13:50:33,2509,1061,2509,2510,1685,2.72706e+006,2.25043e+006
2015-01-13,13:50:34,2509,1060,2509,2510,1703,2.72706e+006,2.25043e+006
2015-01-13,13:50:34,2509,1060,2509,2510,1703,2.72706e+006,2.25043e+006
2015-01-13,13:50:35,2509,1059,2509,2510,1704,2.72707e+006,2.25043e+006
2015-01-13,13:50:35,2509,1054,2509,2510,1704,2.72708e+006,2.25043e+006
2015-01-13,13:50:36,2509,1073,2509,2510,1730,2.72708e+006,2.25043e+006
2015-01-13,13:50:36,2509,1070,2509,2510,1731,2.72711e+006,2.25043e+006
2015-01-13,13:50:37,2509,1070,2510,2510,1731,2.72711e+006,2.25044e+006
2015-01-13,13:50:37,2509,1068,2510,2510,1732,2.72711e+006,2.25044e+006
2015-01-13,13:50:38,2509,1060,2509,2510,1731,2.72712e+006,2.25044e+006
2015-01-13,13:50:38,2509,1060,2509,2510,1731,2.72713e+006,2.25044e+006
2015-01-13,13:50:39,2509,1059,2509,2510,1740,2.72713e+006,2.25044e+006
2015-01-13,13:50:39,2509,1060,2509,2510,1740,2.72713e+006,2.25044e+006
2015-01-13,13:50:40,2509,1060,2509,2510,1740,2.72713e+006,2.25044e+006
2015-01-13,13:50:40,2509,1066,2510,2510,1739,2.72713e+006,2.25044e+006
2015-01-13,13:50:41,2509,1066,2510,2510,1740,2.72713e+006,2.25044e+006
2015-01-13,13:50:41,2509,1077,2510,2510,1740,2.72713e+006,2.25044e+006
2015-01-13,13:50:42,2509,1078,2510,2510,1740,2.72713e+006,2.25044e+006
2015-01-13,13:50:42,2509,1083,2510,2510,1739,2.72713e+006,2.25044e+006
2015-01-13,13:50:43,2509,1098,2510,2510,1748,2.72714e+006,2.25044e+006
2015-01-13,13:50:43,2509,1099,2509,2510,1749,2.72714e+006,2.25044e+006
2015-01-13,13:50:44,2509,1099,2509,2510,1750,2.72714e+006,2.25044e+006
2015-01-13,13:50:44,2509,1099,2509,2510,1751,2.72714e+006,2.25044e+006
2015-01-13,13:50:45,2509,1099,2509,2510,1753,2.72714e+006,2.25044e+006
2015-01-13,13:50:45,2509,1099,2509,2510,1753,2.72714e+006,2.25044e+006
2015-01-13,13:50:46,2509,1098,2509,2510,1751,2.72714e+006,2.25044e+006
2015-01-13,13:50:46,2509,1107,2509,2510,1752,2.72714e+006,2.25044e+006
2015-01-13,13:50:47,2509,1108,2510,2510,1751,2.72715e+006,2.25045e+006
2015-01-13,13:50:47,2509,1103,2509,2510,1786,2.72716e+006,2.25045e+006
2015-01-13,13:50:48,2509,1103,2510,2510,1771,2.7272e+006,2.25044e+006
2015-01-13,13:50:48,2509,1102,2510,2510,1761,2.72722e+006,2.25046e+006
2015-01-13,13:50:49,2509,1085,2509,2510,1760,2.72726e+006,2.25046e+006
2015-01-13,13:50:49,2509,1084,2509,2510,1761,2.72726e+006,2.25046e+006
2015-01-13,13:50:50,2509,1084,2509,2510,1762,2.72726e+006,2.25046e+006
2015-01-13,13:50:50,2509,1082,2509,2510,1759,2.72728e+006,2.25046e+006
2015-01-13,13:50:51,2509,1082,2509,2510,1759,2.72728e+006,2.25046e+006
